network,attribute,nmi
Caltech36,dorm,0.6852002084233865
Caltech36,year,0.10404333711443842
Caltech36,gender,0.013441088384667644
Reed98,dorm,0.15195422872099268
Reed98,year,0.45090229022047856
Reed98,gender,0.006632353828224776
Rice31,dorm,0.7912047314458198
Rice31,year,0.016742202143142343
Rice31,gender,0.00040933333518596265
Smith60,dorm,0.4946878238595833
Smith60,year,0.18650492102853744
Smith60,gender,0.006521542960616372
